Name,Disabled,TID,BgPrefix,LocationTheme,GroundSCW,CampaignGroundSCW,EnvironmentSCW,IconSWF,IconExportName,GameMode,AllowedMaps,Music,CommunityCredit
string,boolean,string,string,string,string,string,string,string,string,string,string,string,string
Wanted1,true,TID_WANTED_1,,Snowtel,sc3d/bgr_snowtel_ground.scw,,sc3d/bgr_snowtel.scw,sc/events.sc,event_snowtel,BountyHunter,Wanted_1,Snowtel_Ingame,
Wanted3,true,TID_WANTED_3,,Arcade,sc3d/bgr_arcade_ground.scw,,sc3d/bgr_arcade.scw,sc/events.sc,event_arcade,BountyHunter,Wanted_3,Brawlcade_Ingame,
Wanted4,true,TID_WANTED_4,,Default,sc3d/bgr_canyon_ground.scw,,sc3d/bgr_canyon.scw,sc/events.sc,event_canyon,BountyHunter,Gemgrab_3,BattleMusic,
Wanted5,true,TID_WANTED_5,,Default,sc3d/bgr_canyon_ground.scw,,sc3d/bgr_canyon.scw,sc/events.sc,event_canyon,BountyHunter,Gemgrab_2,BattleMusic,
Wanted6,,TID_WANTED_6,,Default,sc3d/bgr_canyon_ground.scw,,sc3d/bgr_canyon.scw,sc/events.sc,event_canyon,BountyHunter,Wanted_6,BattleMusic,
Wanted7,,TID_WANTED_7,,BandStand,sc3d/bgr_bandstand_ground.scw,,sc3d/bgr_bandstand.scw,sc/events.sc,event_pocostand,BountyHunter,Wanted_7,Poco_Band_Ingame,
Wanted2,true,TID_WANTED_2,,Oasis,sc3d/bgr_jungle_ground.scw,,sc3d/bgr_jungle.scw,sc/events.sc,event_oasis,BountyHunter,Wanted_2,BattleMusic,
Gemgrab1,,TID_GOLDRUSH_1,,Mine,sc3d/bgr_mine_ground.scw,,sc3d/bgr_mine.scw,sc/events.sc,event_gemmine,CoinRush,Gemgrab_1,BattleMusic,
Gemgrab2,,TID_GOLDRUSH_2,,Arcade,sc3d/bgr_arcade_ground.scw,,sc3d/bgr_arcade.scw,sc/events.sc,event_arcade,CoinRush,Gemgrab_2,Brawlcade_Ingame,
Gemgrab3,,TID_WANTED_4,,StarrForce,sc3d/bgr_starr_force_ground.scw,,sc3d/bgr_starr_force.scw,sc/events.sc,event_starr_force,CoinRush,Gemgrab_3,Space_Brawl_Ingame,
Gemgrab4,,TID_WANTED_3B,,Snowtel,sc3d/bgr_snowtel_ground.scw,,sc3d/bgr_snowtel.scw,sc/events.sc,event_snowtel,CoinRush,Wanted_3,Snowtel_Ingame,
Gemgrab5,,TID_GOLDRUSH_5,,Mine,sc3d/bgr_mine_ground.scw,,sc3d/bgr_mine.scw,sc/events.sc,event_gemmine,CoinRush,Gemgrab_5,BattleMusic,
Gemgrab6,,TID_GOLDRUSH_6,,Mine,sc3d/bgr_mine_ground.scw,,sc3d/bgr_mine.scw,sc/events.sc,event_gemmine,CoinRush,Gemgrab_4,BattleMusic,
Survival1,,TID_BATTLE_ROYALE_1,survival_,Default,sc3d/bgr_canyon_showdown_ground.scw,,sc3d/bgr_canyon_showdown.scw,sc/events.sc,event_stormvalley,BattleRoyale,Survival_1,BattleMusic,
Survival2,,TID_BATTLE_ROYALE_2,survival_,Default,sc3d/bgr_canyon_showdown_ground.scw,sc3d/bgr_canyon_showdown_ground_wf19.scw,sc3d/bgr_canyon_showdown.scw,sc/events.sc,event_stormvalley,BattleRoyale,Survival_2,BattleMusic,OwenReds
Survival3,,TID_BATTLE_ROYALE_3,survival_,Default,sc3d/bgr_canyon_showdown_ground.scw,sc3d/bgr_canyon_showdown_ground_wf19.scw,sc3d/bgr_canyon_showdown.scw,sc/events.sc,event_stormvalley,BattleRoyale,Survival_3,BattleMusic,
Survival4,,TID_BATTLE_ROYALE_4,survival_,MortuaryShowdown,sc3d/bgr_mortuary_showdown_ground.scw,,sc3d/bgr_mortuary_showdown.scw,sc/events.sc,event_mortuary_showdown,BattleRoyale,Survival_4,Halloween_ingame,
Heist1,true,TID_BANKHEIST_1,,Minicity,sc3d/bgr_minicity_ground.scw,,sc3d/bgr_minicity.scw,sc/events.sc,event_scity,AttackDefend,Bankheist_1,Monsterbrawl_ingame_muzak,
Heist2,,TID_BANKHEIST_2,,Default,sc3d/bgr_canyon_ground.scw,,sc3d/bgr_canyon.scw,sc/events.sc,event_canyon,AttackDefend,Bankheist_2,BattleMusic,
Heist3,,TID_BANKHEIST_3,,Snowtel,sc3d/bgr_snowtel_ground.scw,,sc3d/bgr_snowtel.scw,sc/events.sc,event_snowtel,AttackDefend,Bankheist_3,Snowtel_Ingame,
Tutorial,true,,,Minicity,sc3d/bgr_minicity_ground.scw,,sc3d/bgr_minicity.scw,sc/events.sc,event_scity,Tutorial,,Monsterbrawl_ingame_muzak,
BossFight1,true,TID_BOSS_4,,Default,sc3d/bgr_canyon_ground.scw,,sc3d/bgr_canyon.scw,sc/events.sc,event_boss,BossFight,BossFight_1,BattleMusic,
Wanted8,true,TID_WANTED_8,,Oasis,sc3d/bgr_jungle_ground.scw,,sc3d/bgr_jungle.scw,sc/events.sc,event_oasis,BountyHunter,Wanted_8,BattleMusic,
Heist4,,TID_BANKHEIST_4,,Default,sc3d/bgr_canyon_ground.scw,,sc3d/bgr_canyon.scw,sc/events.sc,event_canyon,AttackDefend,Bankheist_4,BattleMusic,
Ball1,,TID_BALL_1,,Grassfield,sc3d/bgr_grassfield_ground.scw,,sc3d/bgr_grassfield.scw,sc/events.sc,event_brawlball,LaserBall,Laserball_1,BattleMusic,
Ball2,,TID_BALL_2,,Grassfield,sc3d/bgr_grassfield_ground.scw,,sc3d/bgr_grassfield.scw,sc/events.sc,event_brawlball,LaserBall,Laserball_2,BattleMusic,
Ball3,true,TID_BALL_3,,Grassfield,sc3d/bgr_grassfield_ground.scw,,sc3d/bgr_grassfield.scw,sc/events.sc,event_brawlball,LaserBall,Laserball_3,BattleMusic,
Coop1,true,TID_COOP_1,,Default,sc3d/bgr_canyon_ground.scw,,sc3d/bgr_canyon.scw,sc/ui.sc,event_coop,Survival,Coop_1,BattleMusic,
SurvivalTeam7,,TID_BATTLE_ROYALE_7,survival_,MortuaryShowdown,sc3d/bgr_mortuary_showdown_ground.scw,,sc3d/bgr_mortuary_showdown.scw,sc/events.sc,event_mortuary_showdown,BattleRoyaleTeam,Survival_7,Halloween_ingame,
Coop2,true,TID_COOP_2,,Default,sc3d/bgr_canyon_ground.scw,,sc3d/bgr_canyon.scw,sc/ui.sc,event_coop,Survival,Coop_2,BattleMusic,
BossFight2,true,TID_BOSS_3,,Mine,sc3d/bgr_mine_ground.scw,,sc3d/bgr_mine.scw,sc/events.sc,event_boss,BossFight,BossFight_2,BattleMusic,
Gemgrab8,true,TID_GOLDRUSH_8,,Default,sc3d/bgr_canyon_ground.scw,,sc3d/bgr_canyon.scw,sc/events.sc,event_canyon,CoinRush,Gemgrab_8,BattleMusic,
Survival5,,TID_BATTLE_ROYALE_5,survival_,Default,sc3d/bgr_canyon_showdown_ground.scw,,sc3d/bgr_canyon_showdown.scw,sc/events.sc,event_stormvalley,BattleRoyale,Survival_5,BattleMusic,Mordeus
Survival6,,TID_BATTLE_ROYALE_6,survival_,Default,sc3d/bgr_canyon_showdown_ground.scw,,sc3d/bgr_canyon_showdown.scw,sc/events.sc,event_stormvalley,BattleRoyale,Survival_6,BattleMusic,
SurvivalTeam1,,TID_BATTLE_ROYALE_1,survival_,Default,sc3d/bgr_canyon_showdown_ground.scw,,sc3d/bgr_canyon_showdown.scw,sc/events.sc,event_stormvalley,BattleRoyaleTeam,Survival_1,BattleMusic,
SurvivalTeam2,,TID_BATTLE_ROYALE_2,survival_,Default,sc3d/bgr_canyon_showdown_ground.scw,sc3d/bgr_canyon_showdown_ground_wf19.scw,sc3d/bgr_canyon_showdown.scw,sc/events.sc,event_stormvalley,BattleRoyaleTeam,Survival_2,BattleMusic,OwenReds
SurvivalTeam3,,TID_BATTLE_ROYALE_3,survival_,Default,sc3d/bgr_canyon_showdown_ground.scw,sc3d/bgr_canyon_showdown_ground_wf19.scw,sc3d/bgr_canyon_showdown.scw,sc/events.sc,event_stormvalley,BattleRoyaleTeam,Survival_3,BattleMusic,
SurvivalTeam4,,TID_BATTLE_ROYALE_4,survival_,MortuaryShowdown,sc3d/bgr_mortuary_showdown_ground.scw,,sc3d/bgr_mortuary_showdown.scw,sc/events.sc,event_mortuary_showdown,BattleRoyaleTeam,Survival_4,Halloween_ingame,
SurvivalTeam5,,TID_BATTLE_ROYALE_5,survival_,Default,sc3d/bgr_canyon_showdown_ground.scw,,sc3d/bgr_canyon_showdown.scw,sc/events.sc,event_stormvalley,BattleRoyaleTeam,Survival_5,BattleMusic,Mordeus
Coop3,true,TID_COOP_6,survival_,Default,sc3d/bgr_canyon_showdown_ground.scw,,sc3d/bgr_canyon_showdown.scw,sc/ui.sc,event_coop,Survival,Coop_3,BattleMusic,
Gemgrab7,true,TID_GOLDRUSH_7,,Snowtel,sc3d/bgr_snowtel_ground.scw,,sc3d/bgr_snowtel.scw,sc/events.sc,event_snowtel,CoinRush,Gemgrab_7,Snowtel_Ingame,DarkKnight
Gemgrab10,true,TID_GOLDRUSH_10,,Mine,sc3d/bgr_mine_ground.scw,,sc3d/bgr_mine.scw,sc/events.sc,event_gemmine,CoinRush,Gemgrab_10,BattleMusic,Lewinham
Heist5,true,TID_BANKHEIST_5,,Default,sc3d/bgr_canyon_ground.scw,,sc3d/bgr_canyon.scw,sc/events.sc,event_canyon,AttackDefend,Bankheist_5,BattleMusic,Rushalisk
Survival7,,TID_BATTLE_ROYALE_7,survival_,MortuaryShowdown,sc3d/bgr_mortuary_showdown_ground.scw,,sc3d/bgr_mortuary_showdown.scw,sc/events.sc,event_mortuary_showdown,BattleRoyale,Survival_7,Halloween_ingame,
SurvivalTeam6,,TID_BATTLE_ROYALE_6,survival_,Default,sc3d/bgr_canyon_showdown_ground.scw,,sc3d/bgr_canyon_showdown.scw,sc/events.sc,event_stormvalley,BattleRoyaleTeam,Survival_6,BattleMusic,
Survival8,,TID_BATTLE_ROYALE_8,survival_water_,Default,sc3d/bgr_island_showdown_ground.scw,,,sc/events.sc,event_stormvalley,BattleRoyale,Survival_8,BattleMusic,Rushalisk
SurvivalTeam8,,TID_BATTLE_ROYALE_8,survival_water_,Default,sc3d/bgr_island_showdown_ground.scw,,,sc/events.sc,event_stormvalley,BattleRoyaleTeam,Survival_8,BattleMusic,Rushalisk
Heist6,true,TID_BANKHEIST_6,,Default,sc3d/bgr_canyon_ground.scw,,sc3d/bgr_canyon.scw,sc/events.sc,event_canyon,AttackDefend,Bankheist_6,BattleMusic,Mordeus
Gemgrab11,true,TID_GOLDRUSH_11,,Mine,sc3d/bgr_mine_ground.scw,,sc3d/bgr_mine.scw,sc/events.sc,event_gemmine,CoinRush,Gemgrab_11,BattleMusic,FatBubblyDragon
Heist7,true,TID_BANKHEIST_7,,Default,sc3d/bgr_canyon_ground.scw,,sc3d/bgr_canyon.scw,sc/events.sc,event_canyon,AttackDefend,Bankheist_7,BattleMusic,Schmedricks
Ball4,,TID_BALL_4,,Grassfield,sc3d/bgr_grassfield_ground.scw,,sc3d/bgr_grassfield.scw,sc/events.sc,event_brawlball,LaserBall,Laserball_4,BattleMusic,Lex
Ball6,,TID_BALL_6,,BBArena,sc3d/bgr_bb_arena_ground.scw,,sc3d/bgr_bb_arena.scw+sc3d/bgr_bb_arena_decos_default.scw,sc/events.sc,event_brawlball_arena,LaserBall,Laserball_6,Footbrawl_ingame_muzak,Mordeus
Ball7,true,TID_BALL_7,,Grassfield,sc3d/bgr_grassfield_ground.scw,,sc3d/bgr_grassfield.scw,sc/events.sc,event_brawlball,LaserBall,Laserball_7,BattleMusic,Lewinham
Heist8,,TID_BANKHEIST_18,,Default,sc3d/bgr_canyon_ground.scw,,sc3d/bgr_canyon.scw,sc/events.sc,event_canyon,AttackDefend,Bankheist_8,BattleMusic,AlexEsteAdevarat
Wanted9,,TID_WANTED_9,,Snowtel,sc3d/bgr_snowtel_ground.scw,,sc3d/bgr_snowtel.scw,sc/events.sc,event_snowtel,BountyHunter,Wanted_9,Snowtel_Ingame,thelucas2000
Survival12,true,TID_BATTLE_ROYALE_12,survival_,Default,sc3d/bgr_canyon_showdown_ground.scw,,sc3d/bgr_canyon_showdown.scw,sc/events.sc,event_stormvalley,BattleRoyale,Survival_12,BattleMusic,Tony_A9
SurvivalTeam12,true,TID_BATTLE_ROYALE_12,survival_,Default,sc3d/bgr_canyon_showdown_ground.scw,,sc3d/bgr_canyon_showdown.scw,sc/events.sc,event_stormvalley,BattleRoyaleTeam,Survival_12,BattleMusic,Tony_A9
Raid1,true,TID_RAID_2,survival_,Default,sc3d/bgr_canyon_showdown_ground.scw,,sc3d/bgr_canyon_showdown.scw,sc/ui.sc,event_raid,Raid,Raid_1,BattleMusic,
GGxmas1,true,TID_GOLDRUSH_XMAS_1,,Snowtel,sc3d/bgr_snowtel_ground.scw,,sc3d/bgr_snowtel.scw,sc/events.sc,event_snowtel,CoinRush,Wanted_3,Snowtel_Ingame,
GGxmas2,true,TID_GOLDRUSH_XMAS_2,,Snowtel,sc3d/bgr_snowtel_ground.scw,,sc3d/bgr_snowtel.scw,sc/events.sc,event_snowtel,CoinRush,Gemgrab_7,Snowtel_Ingame,
GGxmas3,true,TID_GOLDRUSH_XMAS_3,,Snowtel,sc3d/bgr_snowtel_ground.scw,,sc3d/bgr_snowtel.scw,sc/events.sc,event_snowtel,CoinRush,Gemgrab_5,Snowtel_Ingame,
GGxmas4,true,TID_GOLDRUSH_XMAS_4,,Snowtel,sc3d/bgr_snowtel_ground.scw,,sc3d/bgr_snowtel.scw,sc/events.sc,event_snowtel,CoinRush,Gemgrab_1,Snowtel_Ingame,
GGxmas5,true,TID_GOLDRUSH_XMAS_5,,Snowtel,sc3d/bgr_snowtel_ground.scw,,sc3d/bgr_snowtel.scw,sc/events.sc,event_snowtel,CoinRush,Gemgrab_4,Snowtel_Ingame,
GGxmas6,true,TID_GOLDRUSH_XMAS_6,,Snowtel,sc3d/bgr_snowtel_ground.scw,,sc3d/bgr_snowtel.scw,sc/events.sc,event_snowtel,CoinRush,Gemgrab_9,Snowtel_Ingame,
GGxmas7,true,TID_GOLDRUSH_XMAS_7,,Snowtel,sc3d/bgr_snowtel_ground.scw,,sc3d/bgr_snowtel.scw,sc/events.sc,event_snowtel,CoinRush,Gemgrab_3,Snowtel_Ingame,
BossFight3,true,TID_BOSS_6,,Default,sc3d/bgr_canyon_ground.scw,,sc3d/bgr_canyon.scw,sc/events.sc,event_boss,BossFight,BossFight_3,BattleMusic,
BossFight4,true,TID_BOSS_5,,Mine,sc3d/bgr_mine_ground.scw,,sc3d/bgr_mine.scw,sc/events.sc,event_boss,BossFight,BossFight_4,BattleMusic,
Raid2,true,TID_RAID_3,survival_,Default,sc3d/bgr_canyon_showdown_ground.scw,,sc3d/bgr_canyon_showdown.scw,sc/ui.sc,event_raid,Raid,Raid_2,BattleMusic,
Coop4,true,TID_COOP_3,survival_li,Default,sc3d/bgr_canyon_showdown_ground.scw,,sc3d/bgr_canyon_showdown.scw,sc/ui.sc,event_coop,Survival,Coop_4,BattleMusic,
Heist9,true,TID_BANKHEIST_9,,OldTown,sc3d/bgr_old_town_ground.scw,,sc3d/bgr_old_town.scw,sc/events.sc,event_town,AttackDefend,Bankheist_9,BattleMusic,
Heist10,true,TID_BANKHEIST_10,,OldTown,sc3d/bgr_old_town_ground.scw,sc3d/bgr_old_town_ground_wf19.scw,sc3d/bgr_old_town.scw,sc/events.sc,event_town,AttackDefend,Bankheist_10,Retropolis_battle,
Heist11,true,TID_BANKHEIST_11,,Default,sc3d/bgr_canyon_ground.scw,,sc3d/bgr_canyon.scw,sc/events.sc,event_canyon,AttackDefend,Bankheist_11,BattleMusic,AeroNautikks
Heist12,true,TID_BANKHEIST_12,,Retropolis,sc3d/bgr_retropolis_ground.scw,,sc3d/bgr_retropolis.scw,sc/events.sc,event_retropolis,AttackDefend,Bankheist_12,Retropolis_battle,Zagibulenka
Heist13,true,TID_BANKHEIST_13,,OldTown,sc3d/bgr_old_town_ground.scw,,sc3d/bgr_old_town.scw,sc/events.sc,event_town,AttackDefend,Bankheist_13,BattleMusic,
LNYHeist1,true,TID_BANKHEIST_9,,OldTown,sc3d/bgr_old_town_ground.scw,,sc3d/bgr_old_town.scw,sc/events.sc,event_cny,AttackDefend,Bankheist_9,Cny_levels,
LNYHeist2,true,TID_BANKHEIST_10,,OldTown,sc3d/bgr_old_town_ground.scw,,sc3d/bgr_old_town.scw,sc/events.sc,event_cny,AttackDefend,Bankheist_10,Cny_levels,
LNYHeist3,true,TID_BANKHEIST_11,,OldTown,sc3d/bgr_old_town_ground.scw,,sc3d/bgr_old_town.scw,sc/events.sc,event_cny,AttackDefend,Bankheist_11,Cny_levels,AeroNautikks
LNYHeist4,true,TID_BANKHEIST_12,,OldTown,sc3d/bgr_old_town_ground.scw,,sc3d/bgr_old_town.scw,sc/events.sc,event_cny,AttackDefend,Bankheist_12,Cny_levels,Zagibulenka
LNYHeist5,true,TID_BANKHEIST_13,,OldTown,sc3d/bgr_old_town_ground.scw,,sc3d/bgr_old_town.scw,sc/events.sc,event_cny,AttackDefend,Bankheist_13,Cny_levels,
Wanted10,true,TID_WANTED_9,,OldTown,sc3d/bgr_old_town_ground.scw,,sc3d/bgr_old_town.scw,sc/events.sc,event_town,BountyHunter,Wanted_10,BattleMusic,
Wanted11,true,TID_WANTED_11,,OldTown,sc3d/bgr_old_town_ground.scw,,sc3d/bgr_old_town.scw,sc/events.sc,event_town,BountyHunter,Wanted_11,BattleMusic,
Wanted12,,TID_WANTED_12,,Arcade,sc3d/bgr_arcade_ground.scw,,sc3d/bgr_arcade.scw,sc/events.sc,event_arcade,BountyHunter,Wanted_12,Brawlcade_Ingame,
Wanted13,,TID_WANTED_13,,Arcade,sc3d/bgr_arcade_ground.scw,,sc3d/bgr_arcade.scw,sc/events.sc,event_arcade,BountyHunter,Wanted_13,Brawlcade_Ingame,OwenReds
Wanted14,,TID_WANTED_14,,Default,sc3d/bgr_canyon_ground.scw,,sc3d/bgr_canyon.scw,sc/events.sc,event_canyon,BountyHunter,Wanted_14,BattleMusic,
LNYWanted1,true,TID_WANTED_9,,OldTown,sc3d/bgr_old_town_ground.scw,,sc3d/bgr_old_town.scw,sc/events.sc,event_cny,BountyHunter,Wanted_10,Cny_levels,
LNYWanted2,true,TID_WANTED_11,,OldTown,sc3d/bgr_old_town_ground.scw,,sc3d/bgr_old_town.scw,sc/events.sc,event_cny,BountyHunter,Wanted_11,Cny_levels,
LNYWanted3,true,TID_WANTED_12,,OldTown,sc3d/bgr_old_town_ground.scw,,sc3d/bgr_old_town.scw,sc/events.sc,event_cny,BountyHunter,Wanted_12,Cny_levels,
LNYWanted4,true,TID_WANTED_13,,OldTown,sc3d/bgr_old_town_ground.scw,,sc3d/bgr_old_town.scw,sc/events.sc,event_cny,BountyHunter,Wanted_13,Cny_levels,OwenReds
LNYWanted5,true,TID_WANTED_14,,OldTown,sc3d/bgr_old_town_ground.scw,,sc3d/bgr_old_town.scw,sc/events.sc,event_cny,BountyHunter,Wanted_14,Cny_levels,
LNYGemgrab1,true,TID_GOLDRUSH_4,,OldTown,sc3d/bgr_old_town_ground.scw,,sc3d/bgr_old_town.scw,sc/events.sc,event_cny,CoinRush,Wanted_3,Cny_levels,
LNYGemgrab2,true,TID_GOLDRUSH_5,,OldTown,sc3d/bgr_old_town_ground.scw,,sc3d/bgr_old_town.scw,sc/events.sc,event_cny,CoinRush,Gemgrab_5_LNY,Cny_levels,
LNYGemgrab3,true,TID_GOLDRUSH_6,,OldTown,sc3d/bgr_old_town_ground.scw,,sc3d/bgr_old_town.scw,sc/events.sc,event_cny,CoinRush,Gemgrab_4_LNY,Cny_levels,
Ball8,true,TID_WANTED_10,,Grassfield,sc3d/bgr_grassfield_ground.scw,,sc3d/bgr_grassfield.scw,sc/events.sc,event_brawlball,LaserBall,Laserball_8,BattleMusic,
Survival10,true,TID_BATTLE_ROYALE_10,survival_,Default,sc3d/bgr_canyon_showdown_ground.scw,,sc3d/bgr_canyon_showdown.scw,sc/events.sc,event_stormvalley,BattleRoyale,Survival_10,BattleMusic,Binnyboy
SurvivalTeam10,true,TID_BATTLE_ROYALE_10,survival_,Default,sc3d/bgr_canyon_showdown_ground.scw,,sc3d/bgr_canyon_showdown.scw,sc/events.sc,event_stormvalley,BattleRoyaleTeam,Survival_10,BattleMusic,Binnyboy
Survival13,,TID_BATTLE_ROYALE_D2,survival_,Default,sc3d/bgr_canyon_showdown_ground.scw,,sc3d/bgr_canyon_showdown.scw,sc/events.sc,event_stormvalley,BattleRoyale,Survival_13,BattleMusic,
SurvivalTeam13,,TID_BATTLE_ROYALE_D2,survival_,Default,sc3d/bgr_canyon_showdown_ground.scw,,sc3d/bgr_canyon_showdown.scw,sc/events.sc,event_stormvalley,BattleRoyaleTeam,Survival_13,BattleMusic,
Siege1,,TID_ROBO_WARS_6,,Scrapyard,sc3d/bgr_scrapyard_ground.scw,,sc3d/bgr_scrapyard.scw,sc/events.sc,event_robowars,RoboWars,Siege_1,Scrapyard_ingame_music,
Siege2,,TID_ROBO_WARS_8,,Scrapyard,sc3d/bgr_scrapyard_ground.scw,,sc3d/bgr_scrapyard.scw,sc/events.sc,event_robowars,RoboWars,Siege_2,Scrapyard_ingame_music,
Siege3,,TID_ROBO_WARS_7,,Scrapyard,sc3d/bgr_scrapyard_ground.scw,,sc3d/bgr_scrapyard.scw,sc/events.sc,event_robowars,RoboWars,Siege_3,Scrapyard_ingame_music,
CRoyale,true,TID_BANKHEIST_14,,Oasis,sc3d/bgr_jungle_ground.scw,,sc3d/bgr_jungle.scw,sc/events.sc,event_oasis,AttackDefend,CRoyale,BattleMusic,DuccioCh
Survival14,,TID_BATTLE_ROYALE_17,survival_,MortuaryShowdown,sc3d/bgr_mortuary_showdown_ground.scw,,sc3d/bgr_mortuary_showdown.scw,sc/events.sc,event_mortuary_showdown,BattleRoyale,Survival_14,Halloween_ingame,Maxymus
SurvivalTeam14,,TID_BATTLE_ROYALE_17,survival_,MortuaryShowdown,sc3d/bgr_mortuary_showdown_ground.scw,,sc3d/bgr_mortuary_showdown.scw,sc/events.sc,event_mortuary_showdown,BattleRoyaleTeam,Survival_14,BattleMusic,Maxymus
Survival15,true,TID_BATTLE_ROYALE_13,survival_,Default,sc3d/bgr_canyon_showdown_ground.scw,,sc3d/bgr_canyon_showdown.scw,sc/events.sc,event_stormvalley,BattleRoyale,Survival_15,BattleMusic,Mordeus
SurvivalTeam15,true,TID_BATTLE_ROYALE_13,survival_,Default,sc3d/bgr_canyon_showdown_ground.scw,,sc3d/bgr_canyon_showdown.scw,sc/events.sc,event_stormvalley,BattleRoyaleTeam,Survival_15,BattleMusic,Mordeus
Survival16,true,TID_BATTLE_ROYALE_19,survival_,Default,sc3d/bgr_canyon_showdown_ground.scw,,sc3d/bgr_canyon_showdown.scw,sc/events.sc,event_stormvalley,BattleRoyale,Survival_16,BattleMusic,Meme-grabbee
SurvivalTeam16,true,TID_BATTLE_ROYALE_19,survival_,Default,sc3d/bgr_canyon_showdown_ground.scw,,sc3d/bgr_canyon_showdown.scw,sc/events.sc,event_stormvalley,BattleRoyaleTeam,Survival_16,BattleMusic,Meme-grabbee
Survival17,true,TID_BATTLE_ROYALE_23,survival_,Default,sc3d/bgr_canyon_showdown_ground.scw,,sc3d/bgr_canyon_showdown.scw,sc/events.sc,event_stormvalley,BattleRoyale,Survival_17,BattleMusic,OwenReds
SurvivalTeam17,true,TID_BATTLE_ROYALE_23,survival_,Default,sc3d/bgr_canyon_showdown_ground.scw,,sc3d/bgr_canyon_showdown.scw,sc/events.sc,event_stormvalley,BattleRoyaleTeam,Survival_17,BattleMusic,OwenReds
Survival18,true,TID_BATTLE_ROYALE_21,survival_,Default,sc3d/bgr_canyon_showdown_ground.scw,,sc3d/bgr_canyon_showdown.scw,sc/events.sc,event_stormvalley,BattleRoyale,Survival_18,BattleMusic,Pentagonal Cubes
SurvivalTeam18,true,TID_BATTLE_ROYALE_21,survival_,Default,sc3d/bgr_canyon_showdown_ground.scw,,sc3d/bgr_canyon_showdown.scw,sc/events.sc,event_stormvalley,BattleRoyaleTeam,Survival_18,BattleMusic,Pentagonal Cubes
Gemgrab12,true,TID_GOLDRUSH_12,,Mine,sc3d/bgr_mine_ground.scw,,sc3d/bgr_mine.scw,sc/events.sc,event_gemmine,CoinRush,Gemgrab_12,BattleMusic,ash
Gemgrab13,true,TID_GOLDRUSH_13,,OldTown,sc3d/bgr_old_town_ground.scw,,sc3d/bgr_old_town.scw,sc/events.sc,event_town,CoinRush,Gemgrab_13,Retropolis_battle,Electra Drake
Gemgrab14,true,TID_GOLDRUSH_23,,Minicity,sc3d/bgr_minicity_ground.scw,,sc3d/bgr_minicity.scw,sc/events.sc,event_scity,CoinRush,Gemgrab_10,Monsterbrawl_ingame_muzak,Lewinham
Gemgrab15,true,TID_GOLDRUSH_17,,Minicity,sc3d/bgr_minicity_ground.scw,,sc3d/bgr_minicity.scw,sc/events.sc,event_scity,CoinRush,Gemgrab_15,Monsterbrawl_ingame_muzak,Mordeus
Gemgrab16,,TID_GOLDRUSH_25,,Snowtel,sc3d/bgr_snowtel_ground.scw,,sc3d/bgr_snowtel.scw,sc/events.sc,event_snowtel,CoinRush,Gemgrab_16,Snowtel_Ingame,benci
Gemgrab17,true,TID_GOLDRUSH_24,,Mortuary,sc3d/bgr_mortuary_ground.scw,,sc3d/bgr_mortuary.scw,sc/events.sc,event_mortuary,CoinRush,Gemgrab_17,Halloween_ingame,Lab2point0
Gemgrab18,true,TID_GOLDRUSH_19,,Mine,sc3d/bgr_mine_ground.scw,,sc3d/bgr_mine.scw,sc/events.sc,event_gemmine,CoinRush,Gemgrab_18,BattleMusic,freezeemilk
Ball9,true,TID_BALL_15,,Grassfield,sc3d/bgr_grassfield_ground.scw,sc3d/bgr_grassfield_ground_wf19.scw,sc3d/bgr_grassfield.scw,sc/events.sc,event_brawlball,LaserBall,Laserball_9,BattleMusic,Mordeus
Biggame1,true,TID_BOSS_4,survival_,Default,sc3d/bgr_canyon_showdown_ground.scw,,sc3d/bgr_canyon_showdown.scw,sc/events.sc,event_boss,BossFight,Biggame_1,BattleMusic,OwenReds
Biggame2,true,TID_BOSS_3,survival_,Default,sc3d/bgr_canyon_showdown_ground.scw,,sc3d/bgr_canyon_showdown.scw,sc/events.sc,event_boss,BossFight,Biggame_2,BattleMusic,OwenReds
Training,true,,,OldTown,sc3d/bgr_tutorial_ground.scw,,sc3d/bgr_tutorial.scw,sc/events.sc,event_welcome,Training,Training,BattleMusic,
Gemgrab19,,TID_GOLDRUSH_31,,Mine,sc3d/bgr_mine_ground_tracks_1.scw,sc3d/bgr_mine_ground_tracks_1_wf19.scw,sc3d/bgr_mine_tracks_1.scw,sc/events.sc,event_gemmine,CoinRush,Gemgrab_19,BattleMusic,
Survival19,true,TID_BATTLE_ROYALE_28,survival_,Default,sc3d/bgr_canyon_showdown_ground.scw,sc3d/bgr_canyon_showdown.scw,sc3d/bgr_canyon_showdown.scw,sc/events.sc,event_stormvalley,BattleRoyale,Survival_19,BattleMusic,Mordeus
SurvivalTeam19,true,TID_BATTLE_ROYALE_28,survival_,Default,sc3d/bgr_canyon_showdown_ground.scw,sc3d/bgr_canyon_showdown.scw,sc3d/bgr_canyon_showdown.scw,sc/events.sc,event_stormvalley,BattleRoyaleTeam,Survival_19,BattleMusic,Mordeus
Survival20,true,TID_BATTLE_ROYALE_31,survival_,Default,sc3d/bgr_canyon_showdown_ground.scw,,sc3d/bgr_canyon_showdown.scw,sc/events.sc,event_stormvalley,BattleRoyale,Survival_20,BattleMusic,OwenReds
SurvivalTeam20,true,TID_BATTLE_ROYALE_31,survival_,Default,sc3d/bgr_canyon_showdown_ground.scw,,sc3d/bgr_canyon_showdown.scw,sc/events.sc,event_stormvalley,BattleRoyaleTeam,Survival_20,BattleMusic,OwenReds
Siege4,true,TID_ROBO_WARS_13,,Scrapyard,sc3d/bgr_scrapyard_ground.scw,,sc3d/bgr_scrapyard.scw,sc/events.sc,event_robowars,RoboWars,Siege_4,Scrapyard_ingame_music,OwenReds
Siege5,true,TID_ROBO_WARS_11,,Scrapyard,sc3d/bgr_scrapyard_ground.scw,,sc3d/bgr_scrapyard.scw,sc/events.sc,event_robowars,RoboWars,Siege_5,Scrapyard_ingame_music,Binnyboy
Siege6,true,TID_ROBO_WARS_10,,Scrapyard,sc3d/bgr_scrapyard_ground.scw,,sc3d/bgr_scrapyard.scw,sc/events.sc,event_robowars,RoboWars,Siege_6,Scrapyard_ingame_music,Binnyboy
Siege7,true,TID_ROBO_WARS_4,,Scrapyard,sc3d/bgr_scrapyard_ground.scw,,sc3d/bgr_scrapyard.scw,sc/events.sc,event_robowars,RoboWars,Siege_7,Scrapyard_ingame_music,OwenReds
Siege8,,TID_ROBO_WARS_12,,Scrapyard,sc3d/bgr_scrapyard_ground.scw,,sc3d/bgr_scrapyard.scw,sc/events.sc,event_robowars,RoboWars,Siege_8,Scrapyard_ingame_music,Mordeus
Ball10,,TID_BALL_17,,BBArena,sc3d/bgr_bb_arena_ground.scw,,sc3d/bgr_bb_arena.scw+sc3d/bgr_bb_arena_decos_default.scw,sc/events.sc,event_brawlball_arena,LaserBall,Laserball_10,Footbrawl_ingame_muzak,Mordeus
Raid4,true,TID_ROBO_WARS_14,survival_,Default,sc3d/bgr_canyon_showdown_ground.scw,,sc3d/bgr_canyon_showdown.scw,sc/ui.sc,event_raid,Raid,Raid_4,BattleMusic,
Ball11,true,TID_BALL_21,,Grassfield,sc3d/bgr_grassfield_ground.scw,,sc3d/bgr_grassfield.scw,sc/events.sc,event_brawlball,LaserBall,Laserball_11,BattleMusic,ash
Survival21,true,TID_BATTLE_ROYALE_16,survival_,Default,sc3d/bgr_canyon_showdown_ground.scw,,sc3d/bgr_canyon_showdown.scw,sc/events.sc,event_stormvalley,BattleRoyale,Survival_21,BattleMusic,Mordeus
SurvivalTeam21,true,TID_BATTLE_ROYALE_16,survival_,Default,sc3d/bgr_canyon_showdown_ground.scw,,sc3d/bgr_canyon_showdown.scw,sc/events.sc,event_stormvalley,BattleRoyaleTeam,Survival_21,BattleMusic,Mordeus
Heist14,true,TID_BANKHEIST_14B,,Minicity,sc3d/bgr_minicity_ground.scw,,sc3d/bgr_minicity.scw,sc/events.sc,event_scity,AttackDefend,Bankheist_14,Monsterbrawl_ingame_muzak,Lex
Heist15,true,TID_BANKHEIST_15,,Retropolis,sc3d/bgr_retropolis_ground.scw,,sc3d/bgr_retropolis.scw,sc/events.sc,event_retropolis,AttackDefend,Bankheist_15,Retropolis_battle,OwenReds
Gemgrab20,true,TID_GOLDRUSH_21,,Retropolis,sc3d/bgr_retropolis_ground.scw,,sc3d/bgr_retropolis.scw,sc/events.sc,event_retropolis,CoinRush,Gemgrab_20,Retropolis_battle,
Gemgrab21,true,TID_GOLDRUSH_21C,,Retropolis,sc3d/bgr_retropolis_ground.scw,,sc3d/bgr_retropolis.scw,sc/events.sc,event_retropolis,CoinRush,Gemgrab_21,Retropolis_battle,Frep
Siege9,true,TID_ROBO_WARS_2,,Scrapyard,sc3d/bgr_scrapyard_ground.scw,,sc3d/bgr_scrapyard.scw,sc/events.sc,event_robowars,RoboWars,Siege_9,Scrapyard_ingame_music,Mr. Lee
Siege10,,TID_ROBO_WARS_3,,Scrapyard,sc3d/bgr_scrapyard_ground.scw,,sc3d/bgr_scrapyard.scw,sc/events.sc,event_robowars,RoboWars,Siege_10,Scrapyard_ingame_music,G.W.B.S.
Ball12,true,TID_BALL_22,,GrassfieldBeachBall,sc3d/bgr_beach_brawl_ball_ground.scw,,sc3d/bgr_beach_brawl_ball.scw,sc/events.sc,event_brawlball,LaserBall,Laserball_12,BattleMusic,FeFaLah
Ball13,,TID_BALL_23,,BBArena,sc3d/bgr_bb_arena_ground.scw,,sc3d/bgr_bb_arena.scw+sc3d/bgr_bb_arena_decos_default.scw,sc/events.sc,event_brawlball_arena,LaserBall,Laserball_13,Footbrawl_ingame_muzak,Chief Pekka
Heist16,true,TID_BANKHEIST_16,,Oasis,sc3d/bgr_beach_ground.scw,,sc3d/bgr_beach.scw,sc/events.sc,event_beach,AttackDefend,Bankheist_16,Retropolis_battle,Thomas P.
Heist17,true,TID_BANKHEIST_17B,,Snowtel,sc3d/bgr_snowtel_ground.scw,,sc3d/bgr_snowtel.scw,sc/events.sc,event_snowtel,AttackDefend,Bankheist_17,Snowtel_Ingame,Sir.Hocus 
Gemgrab22,true,TID_GOLDRUSH_22,,Retropolis,sc3d/bgr_retropolis_ground.scw,sc3d/bgr_retropolis_ground_wf19.scw,sc3d/bgr_retropolis.scw,sc/events.sc,event_retropolis,CoinRush,Gemgrab_22,Retropolis_battle,Milan R.
Gemgrab23,,TID_GOLDRUSH_33,,StarrForce,sc3d/bgr_starr_force_ground.scw,,sc3d/bgr_starr_force.scw,sc/events.sc,event_starr_force,CoinRush,Gemgrab_23,Space_Brawl_Ingame,OwenReds
Wanted15,true,TID_WANTED_16,,Oasis,sc3d/bgr_beach_ground.scw,,sc3d/bgr_beach.scw,sc/events.sc,event_beach,BountyHunter,Wanted_15,Retropolis_battle,Justin W.
Wanted16,true,TID_WANTED_17,,Oasis,sc3d/bgr_beach_ground.scw,,sc3d/bgr_beach.scw,sc/events.sc,event_beach,BountyHunter,Wanted_16,Retropolis_battle,Ossama H.
Heist18,true,TID_BANKHEIST_18B,,GiftShop,sc3d/bgr_giftshop_ground.scw,,sc3d/bgr_giftshop.scw,sc/events.sc,event_giftshop,AttackDefend,Bankheist_18,Giftshop_Level_Music,Mordeus
Survival22,true,TID_BATTLE_ROYALE_22A,survival_,Default,sc3d/bgr_canyon_showdown_ground.scw,,sc3d/bgr_canyon_showdown.scw,sc/events.sc,event_stormvalley,BattleRoyale,Survival_22,BattleMusic,feimao
SurvivalTeam22,true,TID_BATTLE_ROYALE_22A,survival_,Default,sc3d/bgr_canyon_showdown_ground.scw,,sc3d/bgr_canyon_showdown.scw,sc/events.sc,event_stormvalley,BattleRoyaleTeam,Survival_22,BattleMusic,feimao
Survival23,true,TID_BATTLE_ROYALE_23A,survival_,Default,sc3d/bgr_canyon_showdown_ground.scw,,sc3d/bgr_canyon_showdown.scw,sc/events.sc,event_stormvalley,BattleRoyale,Survival_23,BattleMusic,Cloudy
SurvivalTeam23,true,TID_BATTLE_ROYALE_23A,survival_,Default,sc3d/bgr_canyon_showdown_ground.scw,,sc3d/bgr_canyon_showdown.scw,sc/events.sc,event_stormvalley,BattleRoyaleTeam,Survival_23,BattleMusic,Cloudy
Survival24,true,TID_BATTLE_ROYALE_24A,survival_,Default,sc3d/bgr_canyon_showdown_ground.scw,,sc3d/bgr_canyon_showdown.scw,sc/events.sc,event_stormvalley,BattleRoyale,Survival_24,BattleMusic,OwenReds
SurvivalTeam24,true,TID_BATTLE_ROYALE_24A,survival_,Default,sc3d/bgr_canyon_showdown_ground.scw,,sc3d/bgr_canyon_showdown.scw,sc/events.sc,event_stormvalley,BattleRoyaleTeam,Survival_24,BattleMusic,OwenReds
Gemgrab24,true,TID_GOLDRUSH_24A,,Retropolis,sc3d/bgr_retropolis_ground.scw,,sc3d/bgr_retropolis.scw,sc/events.sc,event_retropolis,CoinRush,Gemgrab_24,Retropolis_battle,Milan Ryba
Wanted17,,TID_WANTED_17B,,Snowtel,sc3d/bgr_snowtel_ground.scw,,sc3d/bgr_snowtel.scw,sc/events.sc,event_snowtel,BountyHunter,Wanted_17,Snowtel_Ingame,ToxinLab
Ball14,,TID_BALL_14A,,BBArena,sc3d/bgr_bb_arena_ground.scw,,sc3d/bgr_bb_arena.scw+sc3d/bgr_bb_arena_decos_default.scw,sc/events.sc,event_brawlball_arena,LaserBall,Laserball_14,Footbrawl_ingame_muzak,OwenReds
Ball15,true,TID_BALL_15A,,Grassfield,sc3d/bgr_grassfield_ground.scw,,sc3d/bgr_grassfield.scw,sc/events.sc,event_brawlball,LaserBall,Laserball_15,BattleMusic,Silver Beast
Ball16,true,TID_BALL_16A,,Grassfield,sc3d/bgr_grassfield_ground.scw,,sc3d/bgr_grassfield.scw,sc/events.sc,event_brawlball,LaserBall,Laserball_16,BattleMusic,Binnyboy
Ball17,true,TID_BALL_17A,,Grassfield,sc3d/bgr_grassfield_ground.scw,sc3d/bgr_grassfield_ground_wf19.scw,sc3d/bgr_grassfield.scw,sc/events.sc,event_brawlball,LaserBall,Laserball_17,BattleMusic,Ellisimo
Ball18,true,TID_BALL_18A,,Grassfield,sc3d/bgr_grassfield_ground.scw,,sc3d/bgr_grassfield.scw,sc/events.sc,event_brawlball,LaserBall,Laserball_18,BattleMusic,Frep
Survival25,true,TID_BATTLE_ROYALE_30A,survival_,Default,sc3d/bgr_canyon_showdown_ground.scw,,sc3d/bgr_canyon_showdown.scw,sc/events.sc,event_stormvalley,BattleRoyale,Survival_25,BattleMusic,Mordeus
SurvivalTeam25,true,TID_BATTLE_ROYALE_30A,survival_,Default,sc3d/bgr_canyon_showdown_ground.scw,,sc3d/bgr_canyon_showdown.scw,sc/events.sc,event_stormvalley,BattleRoyaleTeam,Survival_25,BattleMusic,Mordeus
BossRace1,true,TID_BOSS_RACE_1,survival_,Default,sc3d/bgr_canyon_showdown_ground.scw,,sc3d/bgr_canyon_showdown.scw,sc/events.sc,event_takedown,BossRace,BossRace_1,BattleMusic,
BossRace2,true,TID_BOSS_RACE_2,survival_,Default,sc3d/bgr_canyon_showdown_ground.scw,,sc3d/bgr_canyon_showdown.scw,sc/events.sc,event_takedown,BossRace,BossRace_2,BattleMusic,Mordeus
BossRace3,true,TID_BOSS_RACE_3,survival_,Default,sc3d/bgr_canyon_showdown_ground.scw,,sc3d/bgr_canyon_showdown.scw,sc/events.sc,event_takedown,BossRace,BossRace_3,BattleMusic,
BossRace4,true,TID_BOSS_RACE_4,survival_,Default,sc3d/bgr_canyon_showdown_ground.scw,,sc3d/bgr_canyon_showdown.scw,sc/events.sc,event_takedown,BossRace,BossRace_4,BattleMusic,
BossRace5,true,TID_BOSS_RACE_5,survival_water_,Default,sc3d/bgr_island_showdown_ground.scw,,,sc/events.sc,event_takedown,BossRace,BossRace_5,BattleMusic,
BossRace6,true,TID_BOSS_RACE_6,survival_,Default,sc3d/bgr_canyon_showdown_ground.scw,,sc3d/bgr_canyon_showdown.scw,sc/events.sc,event_takedown,BossRace,BossRace_6,BattleMusic,
BossRace7,true,TID_BOSS_RACE_7,survival_,Default,sc3d/bgr_canyon_showdown_ground.scw,,sc3d/bgr_canyon_showdown.scw,sc/events.sc,event_takedown,BossRace,BossRace_7,BattleMusic,
SoloBounty1,true,TID_LONESTAR_02,survival_,Default,sc3d/bgr_canyon_showdown_ground.scw,,sc3d/bgr_canyon_showdown.scw,sc/events.sc,event_lone_star,SoloBounty,Solobounty_2,BattleMusic,_Shqdowz_
SoloBounty2,true,TID_LONESTAR_03,survival_,Default,sc3d/bgr_canyon_showdown_ground.scw,,sc3d/bgr_canyon_showdown.scw,sc/events.sc,event_lone_star,SoloBounty,Solobounty_3,BattleMusic,Cindy
SoloBounty3,true,TID_LONESTAR_04,survival_,Default,sc3d/bgr_canyon_showdown_ground.scw,,sc3d/bgr_canyon_showdown.scw,sc/events.sc,event_lone_star,SoloBounty,Solobounty_4,BattleMusic,iEnjoy
SoloBounty4,true,TID_LONESTAR_05,survival_,Default,sc3d/bgr_canyon_showdown_ground.scw,,sc3d/bgr_canyon_showdown.scw,sc/events.sc,event_lone_star,SoloBounty,Solobounty_5,BattleMusic,DustyBud
SoloBounty5,true,TID_LONESTAR_06,survival_,Default,sc3d/bgr_canyon_showdown_ground.scw,,sc3d/bgr_canyon_showdown.scw,sc/events.sc,event_lone_star,SoloBounty,Solobounty_6,BattleMusic,Frep
SoloBounty6,true,TID_LONESTAR_07,survival_,Default,sc3d/bgr_canyon_showdown_ground.scw,,sc3d/bgr_canyon_showdown.scw,sc/events.sc,event_lone_star,SoloBounty,Solobounty_7,BattleMusic,ToxinLab
SoloBounty7,true,TID_LONESTAR_08,survival_,Default,sc3d/bgr_canyon_showdown_ground.scw,,sc3d/bgr_canyon_showdown.scw,sc/events.sc,event_lone_star,SoloBounty,Solobounty_8,BattleMusic,OwenReds
BossRace8,true,TID_BOSS_RACE_8,survival_,MortuaryShowdown,sc3d/bgr_mortuary_showdown_ground.scw,,sc3d/bgr_mortuary_showdown.scw,sc/events.sc,event_takedown,BossRace,BossRace_8,Halloween_ingame,-iLast
BossRace9,true,TID_BOSS_RACE_9,survival_,MortuaryShowdown,sc3d/bgr_mortuary_showdown_ground.scw,,sc3d/bgr_mortuary_showdown.scw,sc/events.sc,event_takedown,BossRace,BossRace_9,Halloween_ingame,Binnyboy
BossRace9,true,TID_BOSS_RACE_9,survival_,MortuaryShowdown,sc3d/bgr_mortuary_showdown_ground.scw,,sc3d/bgr_mortuary_showdown.scw,sc/events.sc,event_takedown,BossRace,BossRace_9,Halloween_ingame,Binnyboy
BossRace11,true,TID_BOSS_RACE_11,survival_,MortuaryShowdown,sc3d/bgr_mortuary_showdown_ground.scw,,sc3d/bgr_mortuary_showdown.scw,sc/events.sc,event_takedown,BossRace,BossRace_11,Halloween_ingame,Mordeus
BossRace12,true,TID_BATTLE_ROYALE_18,survival_,MortuaryShowdown,sc3d/bgr_mortuary_showdown_ground.scw,,sc3d/bgr_mortuary_showdown.scw,sc/events.sc,event_takedown,BossRace,BossRace_12,Halloween_ingame,Chief Pekka
BossRace13,true,TID_BOSS_RACE_13,survival_,MortuaryShowdown,sc3d/bgr_mortuary_showdown_ground.scw,,sc3d/bgr_mortuary_showdown.scw,sc/events.sc,event_takedown,BossRace,BossRace_13,Halloween_ingame,_Shqdowz_
BossRace14,true,TID_BOSS_RACE_14,survival_,MortuaryShowdown,sc3d/bgr_mortuary_showdown_ground.scw,,sc3d/bgr_mortuary_showdown.scw,sc/events.sc,event_takedown,BossRace,BossRace_14,Halloween_ingame,Cloudy
Graves1,true,TID_BATTLE_ROYALE_1,survival_,MortuaryShowdown,sc3d/bgr_mortuary_showdown_ground.scw,,sc3d/bgr_mortuary_showdown.scw,sc/events.sc,event_mortuary_showdown,BattleRoyale,Survival_1,Halloween_ingame,
GravesTeam1,true,TID_BATTLE_ROYALE_1,survival_,MortuaryShowdown,sc3d/bgr_mortuary_showdown_ground.scw,,sc3d/bgr_mortuary_showdown.scw,sc/events.sc,event_mortuary_showdown,BattleRoyaleTeam,Survival_1,Halloween_ingame,
Graves2,true,TID_BATTLE_ROYALE_12,survival_,MortuaryShowdown,sc3d/bgr_mortuary_showdown_ground.scw,,sc3d/bgr_mortuary_showdown.scw,sc/events.sc,event_mortuary_showdown,BattleRoyale,Survival_12,Halloween_ingame,Tony_A9
GravesTeam2,true,TID_BATTLE_ROYALE_12,survival_,MortuaryShowdown,sc3d/bgr_mortuary_showdown_ground.scw,,sc3d/bgr_mortuary_showdown.scw,sc/events.sc,event_mortuary_showdown,BattleRoyaleTeam,Survival_12,Halloween_ingame,Tony_A9
Graves3,true,TID_BATTLE_ROYALE_5,survival_,MortuaryShowdown,sc3d/bgr_mortuary_showdown_ground.scw,,sc3d/bgr_mortuary_showdown.scw,sc/events.sc,event_mortuary_showdown,BattleRoyale,Survival_33,Halloween_ingame,Mordeus
GravesTeam3,true,TID_BATTLE_ROYALE_5,survival_,MortuaryShowdown,sc3d/bgr_mortuary_showdown_ground.scw,,sc3d/bgr_mortuary_showdown.scw,sc/events.sc,event_mortuary_showdown,BattleRoyaleTeam,Survival_33,Halloween_ingame,Mordeus
Graves4,true,TID_BATTLE_ROYALE_13,survival_,MortuaryShowdown,sc3d/bgr_mortuary_showdown_ground.scw,,sc3d/bgr_mortuary_showdown.scw,sc/events.sc,event_mortuary_showdown,BattleRoyale,Survival_15,Halloween_ingame,Mordeus
GravesTeam4,true,TID_BATTLE_ROYALE_13,survival_,MortuaryShowdown,sc3d/bgr_mortuary_showdown_ground.scw,,sc3d/bgr_mortuary_showdown.scw,sc/events.sc,event_mortuary_showdown,BattleRoyaleTeam,Survival_15,Halloween_ingame,Mordeus
Graves5,true,TID_LONESTAR_01,survival_,MortuaryShowdown,sc3d/bgr_mortuary_showdown_ground.scw,,sc3d/bgr_mortuary_showdown.scw,sc/events.sc,event_mortuary_showdown,BattleRoyale,Solobounty_1,Halloween_ingame,ash
GravesTeam5,true,TID_LONESTAR_01,survival_,MortuaryShowdown,sc3d/bgr_mortuary_showdown_ground.scw,,sc3d/bgr_mortuary_showdown.scw,sc/events.sc,event_mortuary_showdown,BattleRoyaleTeam,Solobounty_1,Halloween_ingame,ash
Graves6,true,TID_BATTLE_ROYALE_17,survival_,MortuaryShowdown,sc3d/bgr_mortuary_showdown_ground.scw,,sc3d/bgr_mortuary_showdown.scw,sc/events.sc,event_mortuary_showdown,BattleRoyale,Survival_14,Halloween_ingame,Maxymus
GravesTeam6,true,TID_BATTLE_ROYALE_17,survival_,MortuaryShowdown,sc3d/bgr_mortuary_showdown_ground.scw,,sc3d/bgr_mortuary_showdown.scw,sc/events.sc,event_mortuary_showdown,BattleRoyaleTeam,Survival_14,Halloween_ingame,Maxymus
Graves7,true,TID_BATTLE_ROYALE_21,survival_,MortuaryShowdown,sc3d/bgr_mortuary_showdown_ground.scw,,sc3d/bgr_mortuary_showdown.scw,sc/events.sc,event_mortuary_showdown,BattleRoyale,Survival_18,Halloween_ingame,Pentagonal Cubes
GravesTeam7,true,TID_BATTLE_ROYALE_21,survival_,MortuaryShowdown,sc3d/bgr_mortuary_showdown_ground.scw,,sc3d/bgr_mortuary_showdown.scw,sc/events.sc,event_mortuary_showdown,BattleRoyaleTeam,Survival_18,Halloween_ingame,Pentagonal Cubes
CaptureTheFlag2,true,TID_CTF_2,,DarrylsShip,sc3d/bgr_darryls_ship_ground.scw,,sc3d/bgr_darryls_ship.scw,sc/events.sc,event_pirates,CaptureTheFlag,CaptureTheFlag_2,Pirate_Brawl_Ingame,
CaptureTheFlag3,true,TID_CTF_3,,DarrylsShip,sc3d/bgr_darryls_ship_ground.scw,,sc3d/bgr_darryls_ship.scw,sc/events.sc,event_pirates,CaptureTheFlag,CaptureTheFlag_3,Pirate_Brawl_Ingame,Binnyboy
CaptureTheFlag4,true,TID_CTF_4,,DarrylsShip,sc3d/bgr_darryls_ship_ground.scw,,sc3d/bgr_darryls_ship.scw,sc/events.sc,event_pirates,CaptureTheFlag,CaptureTheFlag_4,Pirate_Brawl_Ingame,Binnyboy
CaptureTheFlag5,true,TID_CTF_5,,DarrylsShip,sc3d/bgr_darryls_ship_ground.scw,,sc3d/bgr_darryls_ship.scw,sc/events.sc,event_pirates,CaptureTheFlag,CaptureTheFlag_5,Pirate_Brawl_Ingame,OwenReds
CaptureTheFlag6,true,TID_CTF_6,,DarrylsShip,sc3d/bgr_darryls_ship_ground.scw,,sc3d/bgr_darryls_ship.scw,sc/events.sc,event_pirates,CaptureTheFlag,CaptureTheFlag_6,Pirate_Brawl_Ingame,ToxinLab
CaptureTheFlag7,true,TID_CTF_7,,DarrylsShip,sc3d/bgr_darryls_ship_ground.scw,,sc3d/bgr_darryls_ship.scw,sc/events.sc,event_pirates,CaptureTheFlag,CaptureTheFlag_7,Pirate_Brawl_Ingame,DustyBud
CaptureTheFlag8,true,TID_CTF_8,,DarrylsShip,sc3d/bgr_darryls_ship_ground.scw,,sc3d/bgr_darryls_ship.scw,sc/events.sc,event_pirates,CaptureTheFlag,CaptureTheFlag_8,Pirate_Brawl_Ingame,Cloudy
Gemgrab25,true,TID_GOLDRUSH_35,,DarrylsShip,sc3d/bgr_darryls_ship_ground.scw,,sc3d/bgr_darryls_ship.scw,sc/events.sc,event_pirates,CoinRush,Gemgrab_25,Pirate_Brawl_Ingame,Cloudy
Gemgrab26,true,TID_GOLDRUSH_37,,DarrylsShip,sc3d/bgr_darryls_ship_ground.scw,,sc3d/bgr_darryls_ship.scw,sc/events.sc,event_pirates,CoinRush,Gemgrab_26,Pirate_Brawl_Ingame,Cindy
Gemgrab27,true,TID_GOLDRUSH_38,,DarrylsShip,sc3d/bgr_darryls_ship_ground.scw,,sc3d/bgr_darryls_ship.scw,sc/events.sc,event_pirates,CoinRush,Gemgrab_27,Pirate_Brawl_Ingame,ToxinLab
Gemgrab28,true,TID_GOLDRUSH_43,,Snowtel,sc3d/bgr_snowtel_ground.scw,,sc3d/bgr_snowtel.scw,sc/events.sc,event_snowtel,CoinRush,Gemgrab_28,Snowtel_Ingame,DustyBud
Gemgrab29,true,TID_GOLDRUSH_44,,DarrylsShip,sc3d/bgr_darryls_ship_ground.scw,,sc3d/bgr_darryls_ship.scw,sc/events.sc,event_pirates,CoinRush,Gemgrab_29,Pirate_Brawl_Ingame,OwenReds
Gemgrab30,true,TID_GOLDRUSH_45,,DarrylsShip,sc3d/bgr_darryls_ship_ground.scw,,sc3d/bgr_darryls_ship.scw,sc/events.sc,event_pirates,CoinRush,Gemgrab_30,Pirate_Brawl_Ingame,Chief Pekka
Gemgrab31,true,TID_GOLDRUSH_36,,DarrylsShip,sc3d/bgr_darryls_ship_ground.scw,,sc3d/bgr_darryls_ship.scw,sc/events.sc,event_pirates,CoinRush,Gemgrab_31,Pirate_Brawl_Ingame,gradient33
Heist19,true,TID_BANKHEIST_23,,Oasis,sc3d/bgr_jungle_ground.scw,,sc3d/bgr_jungle.scw,sc/events.sc,event_oasis,AttackDefend,Bankheist_19,BattleMusic,Chief Pekka
Heist20,true,TID_BANKHEIST_20,,Oasis,sc3d/bgr_jungle_ground.scw,,sc3d/bgr_jungle.scw,sc/events.sc,event_oasis,AttackDefend,Bankheist_20,BattleMusic,gradient33
Wanted18,true,TID_WANTED_23,,Minicity,sc3d/bgr_minicity_ground.scw,,sc3d/bgr_minicity.scw,sc/events.sc,event_scity,BountyHunter,Wanted_18,Monsterbrawl_ingame_muzak,Biono
Wanted19,true,TID_WANTED_20,,Oasis,sc3d/bgr_jungle_ground.scw,,sc3d/bgr_jungle.scw,sc/events.sc,event_oasis,BountyHunter,Wanted_19,BattleMusic,TCGLouis
Survival26,true,TID_BATTLE_ROYALE_41,survival_,Default,sc3d/bgr_canyon_showdown_ground.scw,,sc3d/bgr_canyon_showdown.scw,sc/events.sc,event_stormvalley,BattleRoyale,Survival_26,BattleMusic,Frep
SurvivalTeam26,true,TID_BATTLE_ROYALE_41,survival_,Default,sc3d/bgr_canyon_showdown_ground.scw,,sc3d/bgr_canyon_showdown.scw,sc/events.sc,event_stormvalley,BattleRoyaleTeam,Survival_26,BattleMusic,Frep
Survival27,true,TID_BATTLE_ROYALE_35,survival_,Default,sc3d/bgr_canyon_showdown_ground.scw,,sc3d/bgr_canyon_showdown.scw,sc/events.sc,event_stormvalley,BattleRoyale,Survival_27,BattleMusic,The Red Brawler
SurvivalTeam27,true,TID_BATTLE_ROYALE_35,survival_,Default,sc3d/bgr_canyon_showdown_ground.scw,,sc3d/bgr_canyon_showdown.scw,sc/events.sc,event_stormvalley,BattleRoyaleTeam,Survival_27,BattleMusic,The Red Brawler
Survival28,true,TID_BATTLE_ROYALE_40,survival_,Default,sc3d/bgr_canyon_showdown_ground.scw,,sc3d/bgr_canyon_showdown.scw,sc/events.sc,event_stormvalley,BattleRoyale,Survival_28,BattleMusic,Gavyn1114
SurvivalTeam28,true,TID_BATTLE_ROYALE_40,survival_,Default,sc3d/bgr_canyon_showdown_ground.scw,,sc3d/bgr_canyon_showdown.scw,sc/events.sc,event_stormvalley,BattleRoyaleTeam,Survival_28,BattleMusic,Gavyn1114
Survival29,true,TID_BATTLE_ROYALE_43,survival_,Default,sc3d/bgr_canyon_showdown_ground.scw,,sc3d/bgr_canyon_showdown.scw,sc/events.sc,event_stormvalley,BattleRoyale,Survival_29,BattleMusic,OwenReds
SurvivalTeam29,true,TID_BATTLE_ROYALE_43,survival_,Default,sc3d/bgr_canyon_showdown_ground.scw,,sc3d/bgr_canyon_showdown.scw,sc/events.sc,event_stormvalley,BattleRoyaleTeam,Survival_29,BattleMusic,OwenReds
Survival30,,TID_BATTLE_ROYALE_34,survival_,MortuaryShowdown,sc3d/bgr_mortuary_showdown_ground.scw,,sc3d/bgr_mortuary_showdown.scw,sc/events.sc,event_mortuary_showdown,BattleRoyale,Survival_30,Halloween_ingame,Cloudy
SurvivalTeam30,,TID_BATTLE_ROYALE_34,survival_,MortuaryShowdown,sc3d/bgr_mortuary_showdown_ground.scw,,sc3d/bgr_mortuary_showdown.scw,sc/events.sc,event_mortuary_showdown,BattleRoyaleTeam,Survival_30,Halloween_ingame,Cloudy
Survival31,true,TID_BATTLE_ROYALE_37,survival_,Default,sc3d/bgr_canyon_showdown_ground.scw,,sc3d/bgr_canyon_showdown.scw,sc/events.sc,event_stormvalley,BattleRoyale,Survival_31,BattleMusic,Binnyboy
SurvivalTeam31,true,TID_BATTLE_ROYALE_37,survival_,Default,sc3d/bgr_canyon_showdown_ground.scw,,sc3d/bgr_canyon_showdown.scw,sc/events.sc,event_stormvalley,BattleRoyaleTeam,Survival_31,BattleMusic,Binnyboy
Survival32,true,TID_BATTLE_ROYALE_38,survival_,Default,sc3d/bgr_canyon_showdown_ground.scw,,sc3d/bgr_canyon_showdown.scw,sc/events.sc,event_stormvalley,BattleRoyale,Survival_32,BattleMusic,gradient33
SurvivalTeam32,true,TID_BATTLE_ROYALE_38,survival_,Default,sc3d/bgr_canyon_showdown_ground.scw,,sc3d/bgr_canyon_showdown.scw,sc/events.sc,event_stormvalley,BattleRoyaleTeam,Survival_32,BattleMusic,gradient33
Survival33,true,TID_GOLDRUSH_46,survival_,MortuaryShowdown,sc3d/bgr_mortuary_showdown_ground.scw,,sc3d/bgr_mortuary_showdown.scw,sc/events.sc,event_mortuary_showdown,BattleRoyale,Survival_33,Halloween_ingame,Mordeus
SurvivalTeam33,true,TID_GOLDRUSH_46,survival_,MortuaryShowdown,sc3d/bgr_mortuary_showdown_ground.scw,,sc3d/bgr_mortuary_showdown.scw,sc/events.sc,event_mortuary_showdown,BattleRoyaleTeam,Survival_33,Halloween_ingame,Mordeus
Ball19,true,TID_BALL_8,,Grassfield,sc3d/bgr_grassfield_ground.scw,,sc3d/bgr_grassfield.scw,sc/events.sc,event_brawlball,LaserBall,Laserball_19,BattleMusic,
Ball20,true,TID_BALL_9,,Grassfield,sc3d/bgr_grassfield_ground.scw,,sc3d/bgr_grassfield.scw,sc/events.sc,event_brawlball,LaserBall,Laserball_20,BattleMusic,
Ball21,true,TID_BALL_10,,Grassfield,sc3d/bgr_grassfield_ground.scw,,sc3d/bgr_grassfield.scw,sc/events.sc,event_brawlball,LaserBall,Laserball_21,BattleMusic,
Ball22,true,TID_BALL_11,,Grassfield,sc3d/bgr_grassfield_ground.scw,,sc3d/bgr_grassfield.scw,sc/events.sc,event_brawlball,LaserBall,Laserball_22,BattleMusic,
Ball23,true,TID_BALL_12,,Grassfield,sc3d/bgr_grassfield_ground.scw,,sc3d/bgr_grassfield.scw,sc/events.sc,event_brawlball,LaserBall,Laserball_23,BattleMusic,
Ball24,true,TID_BALL_13,,Grassfield,sc3d/bgr_grassfield_ground.scw,,sc3d/bgr_grassfield.scw,sc/events.sc,event_brawlball,LaserBall,Laserball_24,BattleMusic,
Ball25,true,TID_BALL_16,,Grassfield,sc3d/bgr_grassfield_ground.scw,,sc3d/bgr_grassfield.scw,sc/events.sc,event_brawlball,LaserBall,Laserball_25,BattleMusic,
Graves8,true,TID_BATTLE_ROYALE_6,survival_,MortuaryShowdown,sc3d/bgr_mortuary_showdown_ground.scw,,sc3d/bgr_mortuary_showdown.scw,sc/events.sc,event_mortuary_showdown,BattleRoyale,Survival_6,Halloween_ingame,
GravesTeam8,true,TID_BATTLE_ROYALE_6,survival_,MortuaryShowdown,sc3d/bgr_mortuary_showdown_ground.scw,,sc3d/bgr_mortuary_showdown.scw,sc/events.sc,event_mortuary_showdown,BattleRoyaleTeam,Survival_6,Halloween_ingame,
KingOfHill1,true,TID_KING_OF_HILL_9,,Arcade,sc3d/bgr_arcade_ground.scw,,sc3d/bgr_arcade.scw,sc/events.sc,event_arcade,KingOfHill,KingOfHill_1,Brawlcade_Ingame,
KingOfHill2,true,TID_KING_OF_HILL_11,,Arcade,sc3d/bgr_arcade_ground.scw,,sc3d/bgr_arcade.scw,sc/events.sc,event_arcade,KingOfHill,KingOfHill_2,Brawlcade_Ingame,
KingOfHill3,true,TID_KING_OF_HILL_3,,Arcade,sc3d/bgr_arcade_ground.scw,,sc3d/bgr_arcade.scw,sc/events.sc,event_arcade,KingOfHill,KingOfHill_3,Brawlcade_Ingame,Mordeus
KingOfHill4,true,TID_KING_OF_HILL_4,,Arcade,sc3d/bgr_arcade_ground.scw,,sc3d/bgr_arcade.scw,sc/events.sc,event_arcade,KingOfHill,KingOfHill_4,Brawlcade_Ingame,Mordeus
KingOfHill5,true,TID_KING_OF_HILL_5,,Arcade,sc3d/bgr_arcade_ground.scw,,sc3d/bgr_arcade.scw,sc/events.sc,event_arcade,KingOfHill,KingOfHill_5,Brawlcade_Ingame,Mordeus
KingOfHill6,true,TID_KING_OF_HILL_6,,Arcade,sc3d/bgr_arcade_ground.scw,,sc3d/bgr_arcade.scw,sc/events.sc,event_arcade,KingOfHill,KingOfHill_6,Brawlcade_Ingame,Mordeus
KingOfHill7,true,TID_KING_OF_HILL_7,,Arcade,sc3d/bgr_arcade_ground.scw,,sc3d/bgr_arcade.scw,sc/events.sc,event_arcade,KingOfHill,KingOfHill_7,Brawlcade_Ingame,Mordeus
Ball26,true,TID_BALL_30,,BBArena,sc3d/bgr_bb_arena_ground.scw,,sc3d/bgr_bb_arena.scw+sc3d/bgr_bb_arena_decos_default.scw,sc/events.sc,event_brawlball_arena,LaserBall,Laserball_26,Footbrawl_ingame_muzak,Hypahn
Ball27,true,TID_BALL_31,,BBArena,sc3d/bgr_bb_arena_ground.scw,,sc3d/bgr_bb_arena.scw+sc3d/bgr_bb_arena_decos_default.scw,sc/events.sc,event_brawlball_arena,LaserBall,Laserball_27,Footbrawl_ingame_muzak,DustyBud
Ball28,true,TID_BALL_32,,BBArena,sc3d/bgr_bb_arena_ground.scw,,sc3d/bgr_bb_arena.scw+sc3d/bgr_bb_arena_decos_default.scw,sc/events.sc,event_brawlball_arena,LaserBall,Laserball_28,Footbrawl_ingame_muzak,S3nNy ???
Ball29,true,TID_BALL_33,,BBArena,sc3d/bgr_bb_arena_ground.scw,,sc3d/bgr_bb_arena.scw+sc3d/bgr_bb_arena_decos_default.scw,sc/events.sc,event_brawlball_arena,LaserBall,Laserball_29,Footbrawl_ingame_muzak,brawl123456789
Ball30,true,TID_BALL_34,,BBArena,sc3d/bgr_bb_arena_ground.scw,,sc3d/bgr_bb_arena.scw+sc3d/bgr_bb_arena_decos_default.scw,sc/events.sc,event_brawlball_arena,LaserBall,Laserball_30,Footbrawl_ingame_muzak,Cloudy
Survival34,true,TID_BATTLE_ROYALE_44,survival_,Default,sc3d/bgr_canyon_showdown_ground.scw,,sc3d/bgr_canyon_showdown.scw,sc/events.sc,event_stormvalley,BattleRoyale,Survival_34,BattleMusic,Mordeus
SurvivalTeam34,true,TID_BATTLE_ROYALE_44,survival_,Default,sc3d/bgr_canyon_showdown_ground.scw,,sc3d/bgr_canyon_showdown.scw,sc/events.sc,event_stormvalley,BattleRoyaleTeam,Survival_34,BattleMusic,Mordeus
Ball6_PSG,true,TID_BALL_6,,BBArenaPSG,sc3d/bgr_bb_arena_ground.scw+sc3d/bgr_bb_arena_ground_decos_psg.scw,,sc3d/bgr_bb_arena.scw+sc3d/bgr_bb_arena_decos_psg.scw,sc/events.sc,event_brawlball_arena,LaserBall,Laserball_6,Footbrawl_ingame_muzak,Mordeus
Ball9_PSG,true,TID_BALL_15,,BBArenaPSG,sc3d/bgr_bb_arena_ground.scw+sc3d/bgr_bb_arena_ground_decos_psg.scw,,sc3d/bgr_bb_arena.scw+sc3d/bgr_bb_arena_decos_psg.scw,sc/events.sc,event_brawlball_arena,LaserBall,Laserball_9,Footbrawl_ingame_muzak,Mordeus
Ball26_PSG,true,TID_BALL_30,,BBArenaPSG,sc3d/bgr_bb_arena_ground.scw+sc3d/bgr_bb_arena_ground_decos_psg.scw,,sc3d/bgr_bb_arena.scw+sc3d/bgr_bb_arena_decos_psg.scw,sc/events.sc,event_brawlball_arena,LaserBall,Laserball_26,Footbrawl_ingame_muzak,Hypahn
Siege15,true,TID_ROBO_WARS_15,,Scrapyard,sc3d/bgr_scrapyard_ground.scw,,sc3d/bgr_scrapyard.scw,sc/events.sc,event_robowars,RoboWars,Siege_15,Scrapyard_ingame_music,ChichoRD
Siege16,true,TID_ROBO_WARS_16,,Scrapyard,sc3d/bgr_scrapyard_ground.scw,,sc3d/bgr_scrapyard.scw,sc/events.sc,event_robowars,RoboWars,Siege_16,Scrapyard_ingame_music,Joop
Siege17,,TID_ROBO_WARS_17,,Scrapyard,sc3d/bgr_scrapyard_ground.scw,,sc3d/bgr_scrapyard.scw,sc/events.sc,event_robowars,RoboWars,Siege_17,Scrapyard_ingame_music,OliveOil
Wanted27,true,TID_WANTED_27,,Snowtel,sc3d/bgr_snowtel_ground.scw,,sc3d/bgr_snowtel.scw,sc/events.sc,event_snowtel,BountyHunter,Wanted_27,Snowtel_Ingame,DustyBud
Wanted28,true,TID_WANTED_28,,Snowtel,sc3d/bgr_snowtel_ground.scw,,sc3d/bgr_snowtel.scw,sc/events.sc,event_snowtel,BountyHunter,Wanted_28,Snowtel_Ingame,tentien
Heist27,true,TID_BANKHEIST_27,,Snowtel,sc3d/bgr_snowtel_ground.scw,,sc3d/bgr_snowtel.scw,sc/events.sc,event_snowtel,AttackDefend,Bankheist_27,Snowtel_Ingame,Chief Pekka
Heist28,true,TID_BANKHEIST_28,,Snowtel,sc3d/bgr_snowtel_ground.scw,,sc3d/bgr_snowtel.scw,sc/events.sc,event_snowtel,AttackDefend,Bankheist_28,Snowtel_Ingame,ChichoRD
Raid_TownCrush1,true,TID_RAID_TOWN_CRUSH_1,survival_,Minicity,sc3d/bgr_minicity_ground.scw,,sc3d/bgr_minicity.scw,sc/ui.sc,event_rampage,Raid_TownCrush,RaidTownCrush_1,Monsterbrawl_ingame_muzak,
Survival45,,TID_BATTLE_ROYALE_45,survival_,MortuaryShowdown,sc3d/bgr_mortuary_showdown_ground.scw,,sc3d/bgr_mortuary_showdown.scw,sc/events.sc,event_mortuary_showdown,BattleRoyale,Survival_45,Halloween_ingame,PEACH
SurvivalTeam45,,TID_BATTLE_ROYALE_45,survival_,MortuaryShowdown,sc3d/bgr_mortuary_showdown_ground.scw,,sc3d/bgr_mortuary_showdown.scw,sc/events.sc,event_mortuary_showdown,BattleRoyaleTeam,Survival_45,Halloween_ingame,PEACH
Survival47,true,TID_BATTLE_ROYALE_47,survival_,Default,sc3d/bgr_canyon_showdown_ground.scw,,sc3d/bgr_canyon_showdown.scw,sc/events.sc,event_stormvalley,BattleRoyale,Survival_47,BattleMusic,?????????
SurvivalTeam47,true,TID_BATTLE_ROYALE_47,survival_,Default,sc3d/bgr_canyon_showdown_ground.scw,,sc3d/bgr_canyon_showdown.scw,sc/events.sc,event_stormvalley,BattleRoyaleTeam,Survival_47,BattleMusic,?????????
Survival49,true,TID_BATTLE_ROYALE_49,survival_,MortuaryShowdown,sc3d/bgr_mortuary_showdown_ground.scw,,sc3d/bgr_mortuary_showdown.scw,sc/events.sc,event_mortuary_showdown,BattleRoyale,Survival_49,Halloween_ingame,iLast
SurvivalTeam49,true,TID_BATTLE_ROYALE_49,survival_,MortuaryShowdown,sc3d/bgr_mortuary_showdown_ground.scw,,sc3d/bgr_mortuary_showdown.scw,sc/events.sc,event_mortuary_showdown,BattleRoyaleTeam,Survival_49,Halloween_ingame,iLast
Survival50,true,TID_BATTLE_ROYALE_50,survival_,MortuaryShowdown,sc3d/bgr_mortuary_showdown_ground.scw,,sc3d/bgr_mortuary_showdown.scw,sc/events.sc,event_mortuary_showdown,BattleRoyale,Survival_50,Halloween_ingame,Granny Smith
SurvivalTeam50,true,TID_BATTLE_ROYALE_50,survival_,MortuaryShowdown,sc3d/bgr_mortuary_showdown_ground.scw,,sc3d/bgr_mortuary_showdown.scw,sc/events.sc,event_mortuary_showdown,BattleRoyaleTeam,Survival_50,Halloween_ingame,Granny Smith
Survival51,true,TID_BATTLE_ROYALE_51,survival_,MortuaryShowdown,sc3d/bgr_mortuary_showdown_ground.scw,,sc3d/bgr_mortuary_showdown.scw,sc/events.sc,event_mortuary_showdown,BattleRoyale,Survival_51,BattleMusic,Binnyboy
SurvivalTeam51,true,TID_BATTLE_ROYALE_51,survival_,MortuaryShowdown,sc3d/bgr_mortuary_showdown_ground.scw,,sc3d/bgr_mortuary_showdown.scw,sc/events.sc,event_mortuary_showdown,BattleRoyaleTeam,Survival_51,BattleMusic,Binnyboy
Survival52,true,TID_BATTLE_ROYALE_52,survival_,Default,sc3d/bgr_canyon_showdown_ground.scw,,sc3d/bgr_canyon_showdown.scw,sc/events.sc,event_stormvalley,BattleRoyale,Survival_52,BattleMusic,kawaiishark
SurvivalTeam52,true,TID_BATTLE_ROYALE_52,survival_,Default,sc3d/bgr_canyon_showdown_ground.scw,,sc3d/bgr_canyon_showdown.scw,sc/events.sc,event_stormvalley,BattleRoyaleTeam,Survival_52,BattleMusic,kawaiishark
Survival53,true,TID_BATTLE_ROYALE_53,survival_,Default,sc3d/bgr_canyon_showdown_ground.scw,,sc3d/bgr_canyon_showdown.scw,sc/events.sc,event_stormvalley,BattleRoyale,Survival_53,BattleMusic,BubbyDraggo
SurvivalTeam53,true,TID_BATTLE_ROYALE_53,survival_,Default,sc3d/bgr_canyon_showdown_ground.scw,,sc3d/bgr_canyon_showdown.scw,sc/events.sc,event_stormvalley,BattleRoyaleTeam,Survival_53,BattleMusic,BubbyDraggo
Survival54,,TID_GOLDRUSH_46,survival_,MortuaryShowdown,sc3d/bgr_mortuary_showdown_ground.scw,,sc3d/bgr_mortuary_showdown.scw,sc/events.sc,event_mortuary_showdown,BattleRoyale,Survival_54,Halloween_ingame,Mordeus
SurvivalTeam54,,TID_GOLDRUSH_46,survival_,MortuaryShowdown,sc3d/bgr_mortuary_showdown_ground.scw,,sc3d/bgr_mortuary_showdown.scw,sc/events.sc,event_mortuary_showdown,BattleRoyaleTeam,Survival_54,Halloween_ingame,Mordeus
Survival48,true,TID_BATTLE_ROYALE_46,survival_,Default,sc3d/bgr_canyon_showdown_ground.scw,,sc3d/bgr_canyon_showdown.scw,sc/events.sc,event_stormvalley,BattleRoyale,Survival_46,BattleMusic,Nita!
SurvivalTeam48,true,TID_BATTLE_ROYALE_46,survival_,Default,sc3d/bgr_canyon_showdown_ground.scw,,sc3d/bgr_canyon_showdown.scw,sc/events.sc,event_stormvalley,BattleRoyaleTeam,Survival_46,BattleMusic,Nita!
KingOfHill8,,TID_GOLDRUSH_54,,Snowtel,sc3d/bgr_snowtel_ground.scw,,sc3d/bgr_snowtel.scw,sc/events.sc,event_snowtel,KingOfHill,KingOfHill_8,Snowtel_Ingame,
KingOfHill9,,TID_GOLDRUSH_55,,Arcade,sc3d/bgr_arcade_ground.scw,,sc3d/bgr_arcade.scw,sc/events.sc,event_arcade,KingOfHill,KingOfHill_9,Brawlcade_Ingame,
KingOfHill10,true,TID_KING_OF_HILL_28,,Arcade,sc3d/bgr_arcade_ground.scw,,sc3d/bgr_arcade.scw,sc/events.sc,event_arcade,KingOfHill,KingOfHill_10,Brawlcade_Ingame,Collab???
KingOfHill11,true,TID_KING_OF_HILL_18,,Arcade,sc3d/bgr_arcade_ground.scw,,sc3d/bgr_arcade.scw,sc/events.sc,event_arcade,KingOfHill,KingOfHill_11,Brawlcade_Ingame,Mordeus
KingOfHill12,true,TID_KING_OF_HILL_22,,Arcade,sc3d/bgr_arcade_ground.scw,,sc3d/bgr_arcade.scw,sc/events.sc,event_arcade,KingOfHill,KingOfHill_12,Brawlcade_Ingame,Mordeus
KingOfHill13,true,TID_KING_OF_HILL_23,,Arcade,sc3d/bgr_arcade_ground.scw,,sc3d/bgr_arcade.scw,sc/events.sc,event_arcade,KingOfHill,KingOfHill_13,Brawlcade_Ingame,Mordeus
KingOfHill14,,TID_KING_OF_HILL_20,,Snowtel,sc3d/bgr_snowtel_ground.scw,,sc3d/bgr_snowtel.scw,sc/events.sc,event_snowtel,KingOfHill,KingOfHill_14,Snowtel_Ingame,Mordeus
Wanted29,,TID_GOLDRUSH_63,,BandStand,sc3d/bgr_bandstand_ground.scw,,sc3d/bgr_bandstand.scw,sc/events.sc,event_pocostand,BountyHunter,Wanted_29,Poco_Band_Ingame,Frank???
Gemgrab32,,TID_GOLDRUSH_32T,,BandStand,sc3d/bgr_bandstand_ground.scw,,sc3d/bgr_bandstand.scw,sc/events.sc,event_pocostand,CoinRush,Gemgrab_32,Poco_Band_Ingame,
Gemgrab33,,TID_GOLDRUSH_33T,,BandStand,sc3d/bgr_bandstand_ground.scw,,sc3d/bgr_bandstand.scw,sc/events.sc,event_pocostand,CoinRush,Gemgrab_33,Poco_Band_Ingame,
Gemgrab34,,TID_GOLDRUSH_34T,,BandStand,sc3d/bgr_bandstand_ground.scw,,sc3d/bgr_bandstand.scw,sc/events.sc,event_pocostand,CoinRush,Gemgrab_34,Poco_Band_Ingame,
KingOfHill15,,TID_KING_OF_HILL_15F,,BandStand,sc3d/bgr_bandstand_ground.scw,,sc3d/bgr_bandstand.scw,sc/events.sc,event_pocostand,KingOfHill,KingOfHill_15F,Poco_Band_Ingame,
KingOfHill16,,TID_KING_OF_HILL_16F,,BandStand,sc3d/bgr_bandstand_ground.scw,,sc3d/bgr_bandstand.scw,sc/events.sc,event_pocostand,KingOfHill,KingOfHill_16F,Poco_Band_Ingame,
Wanted30,,TID_WANTED_30T,,BandStand,sc3d/bgr_bandstand_ground.scw,,sc3d/bgr_bandstand.scw,sc/events.sc,event_pocostand,BountyHunter,Wanted_30,Poco_Band_Ingame,
Heist29,,TID_BANKHEIST_29T,,BandStand,sc3d/bgr_bandstand_ground.scw,,sc3d/bgr_bandstand.scw,sc/events.sc,event_pocostand,AttackDefend,Bankheist_29,Poco_Band_Ingame,
KingOfHill17,,TID_KING_OF_HILL_30,,Arcade,sc3d/bgr_arcade_ground.scw,,sc3d/bgr_arcade.scw,sc/events.sc,event_arcade,KingOfHill,KingOfHill_17,Brawlcade_Ingame,
KingOfHill18,,TID_KING_OF_HILL_31,,Arcade,sc3d/bgr_arcade_ground.scw,,sc3d/bgr_arcade.scw,sc/events.sc,event_arcade,KingOfHill,KingOfHill_18,Brawlcade_Ingame,
PlayerMapTemplate,true,TID_GOLDRUSH_60,,StarrForce,sc3d/bgr_starr_force_ground.scw,,sc3d/bgr_starr_force.scw,sc/events.sc,event_starr_force,BountyHunter,CaptureTheFlag_15,Space_Brawl_Ingame,F1ash
KingOfHill20,,TID_KING_OF_HILL_20F,,BandStand,sc3d/bgr_bandstand_ground.scw,,sc3d/bgr_bandstand.scw,sc/events.sc,event_pocostand,KingOfHill,KingOfHill_20F,Poco_Band_Ingame,
Graves9,,TID_BATTLE_ROYALE_47,,MortuaryShowdownHW,sc3d/bgr_mortuary_showdown_ground.scw,,sc3d/bgr_mortuary_showdown.scw,sc/events.sc,event_mortuary_showdown,BattleRoyale,Survival_47,Halloween_ingame,Mordeus
GravesTeam9,,TID_BATTLE_ROYALE_47,,MortuaryShowdownHW,sc3d/bgr_mortuary_showdown_ground.scw,,sc3d/bgr_mortuary_showdown.scw,sc/events.sc,event_mortuary_showdown,BattleRoyaleTeam,Survival_47,Halloween_ingame,Mordeus
Graves10,,TID_BATTLE_ROYALE_49,,MortuaryShowdownHW,sc3d/bgr_mortuary_showdown_ground.scw,,sc3d/bgr_mortuary_showdown.scw,sc/events.sc,event_mortuary_showdown,BattleRoyale,Survival_49,Halloween_ingame,Mordeus
GravesTeam10,,TID_BATTLE_ROYALE_49,,MortuaryShowdownHW,sc3d/bgr_mortuary_showdown_ground.scw,,sc3d/bgr_mortuary_showdown.scw,sc/events.sc,event_mortuary_showdown,BattleRoyaleTeam,Survival_49,Halloween_ingame,
Graves11,,TID_BATTLE_ROYALE_50,,MortuaryShowdownHW,sc3d/bgr_mortuary_showdown_ground.scw,,sc3d/bgr_mortuary_showdown.scw,sc/events.sc,event_mortuary_showdown,BattleRoyale,Survival_50,Halloween_ingame,ash
GravesTeam11,,TID_BATTLE_ROYALE_50,,MortuaryShowdownHW,sc3d/bgr_mortuary_showdown_ground.scw,,sc3d/bgr_mortuary_showdown.scw,sc/events.sc,event_mortuary_showdown,BattleRoyaleTeam,Survival_50,Halloween_ingame,
Graves12,,TID_BATTLE_ROYALE_51,,MortuaryShowdownHW,sc3d/bgr_mortuary_showdown_ground.scw,,sc3d/bgr_mortuary_showdown.scw,sc/events.sc,event_mortuary_showdown,BattleRoyale,Survival_51,Halloween_ingame,
GravesTeam12,,TID_BATTLE_ROYALE_51,,MortuaryShowdownHW,sc3d/bgr_mortuary_showdown_ground.scw,,sc3d/bgr_mortuary_showdown.scw,sc/events.sc,event_mortuary_showdown,BattleRoyaleTeam,Survival_51,Halloween_ingame,
Graves13,,TID_BATTLE_ROYALE_52,,MortuaryShowdownHW,sc3d/bgr_mortuary_showdown_ground.scw,,sc3d/bgr_mortuary_showdown.scw,sc/events.sc,event_mortuary_showdown,BattleRoyale,Survival_52,Halloween_ingame,
GravesTeam13,,TID_BATTLE_ROYALE_52,,MortuaryShowdownHW,sc3d/bgr_mortuary_showdown_ground.scw,,sc3d/bgr_mortuary_showdown.scw,sc/events.sc,event_mortuary_showdown,BattleRoyaleTeam,Survival_52,Halloween_ingame,
Graves14,,TID_BATTLE_ROYALE_53,,MortuaryShowdownHW,sc3d/bgr_mortuary_showdown_ground.scw,,sc3d/bgr_mortuary_showdown.scw,sc/events.sc,event_mortuary_showdown,BattleRoyale,Survival_53,Halloween_ingame,
GravesTeam14,,TID_BATTLE_ROYALE_53,,MortuaryShowdownHW,sc3d/bgr_mortuary_showdown_ground.scw,,sc3d/bgr_mortuary_showdown.scw,sc/events.sc,event_mortuary_showdown,BattleRoyaleTeam,Survival_53,Halloween_ingame,
Graves15,,TID_BATTLE_ROYALE_46,,MortuaryShowdownHW,sc3d/bgr_mortuary_showdown_ground.scw,,sc3d/bgr_mortuary_showdown.scw,sc/events.sc,event_mortuary_showdown,BattleRoyale,Survival_46,Halloween_ingame,
GravesTeam15,,TID_BATTLE_ROYALE_46,,MortuaryShowdownHW,sc3d/bgr_mortuary_showdown_ground.scw,,sc3d/bgr_mortuary_showdown.scw,sc/events.sc,event_mortuary_showdown,BattleRoyaleTeam,Survival_46,Halloween_ingame,
Coop5,true,TID_COOP_7,,DefaultShowdown,sc3d/bgr_canyon_showdown_ground.scw,,sc3d/bgr_canyon_showdown.scw,sc/events.sc,event_stormvalley,RoboRumble,Coop_5,BattleMusic,
Coop6,true,TID_COOP_8,,MortuaryShowdown,sc3d/bgr_mortuary_showdown_ground.scw,,sc3d/bgr_mortuary_showdown.scw,sc/events.sc,event_mortuary_showdown,RoboRumble,Coop_6,BattleMusic,
BossFight5,true,TID_BOSS_8,,DefaultShowdown,sc3d/bgr_canyon_showdown_ground.scw,,sc3d/bgr_canyon_showdown.scw,sc/events.sc,event_boss,BigGame,BossFight_5,BattleMusic,
BossFight6,true,TID_BOSS_7,,Default,sc3d/bgr_canyon_showdown_ground.scw,,sc3d/bgr_canyon_showdown.scw,sc/events.sc,event_boss,BigGame,BossFight_6,BattleMusic,
Raid5,true,TID_RAID_4,,Default,sc3d/bgr_canyon_showdown_ground.scw,,sc3d/bgr_canyon_showdown.scw,sc/events.sc,event_stormvalley,BossFight,Raid_5,BattleMusic,
Raid6,true,TID_RAID_5,,DefaultShowdown,sc3d/bgr_canyon_showdown_ground.scw,,sc3d/bgr_canyon_showdown.scw,sc/events.sc,event_stormvalley,BossFight,Raid_6,MenuMusic,
Gemgrab35,,TID_GOLDRUSH_35C,,BandStand,sc3d/bgr_bandstand_ground.scw,,sc3d/bgr_bandstand.scw,sc/events.sc,event_pocostand,CoinRush,Gemgrab_35,Halloween_ingame,
CaptureTheFlag9,true,TID_CTF_2,,Snowtel,sc3d/bgr_snowtel_ground.scw,,sc3d/bgr_snowtel.scw,sc/events.sc,event_snowtel,CTF,CaptureTheFlag_9,Snowtel_Ingame,
CaptureTheFlag10,true,TID_CTF_3,,Snowtel,sc3d/bgr_snowtel_ground.scw,,sc3d/bgr_snowtel.scw,sc/events.sc,event_snowtel,CTF,CaptureTheFlag_10,Snowtel_Ingame,
CaptureTheFlag11,true,TID_CTF_4,,Snowtel,sc3d/bgr_snowtel_ground.scw,,sc3d/bgr_snowtel.scw,sc/events.sc,event_snowtel,CTF,CaptureTheFlag_11,Snowtel_Ingame,
CaptureTheFlag12,true,TID_CTF_9,,Snowtel,sc3d/bgr_snowtel_ground.scw,,sc3d/bgr_snowtel.scw,sc/events.sc,event_snowtel,CTF,CaptureTheFlag_12,Snowtel_Ingame,Mordeus
CaptureTheFlag13,true,TID_CTF_5,,Snowtel,sc3d/bgr_snowtel_ground.scw,,sc3d/bgr_snowtel.scw,sc/events.sc,event_snowtel,CTF,CaptureTheFlag_13,Snowtel_Ingame,Mordeus
CaptureTheFlag14,true,TID_CTF_6,,Snowtel,sc3d/bgr_snowtel_ground.scw,,sc3d/bgr_snowtel.scw,sc/events.sc,event_snowtel,CTF,CaptureTheFlag_14,Snowtel_Ingame,Mordeus
CaptureTheFlag15,true,TID_CTF_8,,Snowtel,sc3d/bgr_snowtel_ground.scw,,sc3d/bgr_snowtel.scw,sc/events.sc,event_snowtel,CTF,CaptureTheFlag_15,Snowtel_Ingame,
Siege19,,TID_JAN2021MAPS_21,,Scrapyard,sc3d/bgr_scrapyard_ground.scw,,sc3d/bgr_scrapyard.scw,sc/events.sc,event_robowars,RoboWars,Siege_19,Scrapyard_ingame_music,Q16D (aka ??wierszczu)
Wanted20,,TID_JAN2021MAPS_22,,StarrForce,sc3d/bgr_starr_force_ground.scw,,sc3d/bgr_starr_force.scw,sc/events.sc,event_starr_force,BountyHunter,Wanted_20,Space_Brawl_Ingame,AJ ( ?? ????)
Ball31,,TID_JAN2021MAPS_5,,Grassfield,sc3d/bgr_grassfield_ground.scw,,sc3d/bgr_grassfield.scw,sc/events.sc,event_brawlball,LaserBall,Laserball_31,BattleMusic,McBastos
Ball32,,TID_JAN2021MAPS_2,,BBArena,sc3d/bgr_bb_arena_ground.scw,,sc3d/bgr_bb_arena.scw+sc3d/bgr_bb_arena_decos_default.scw,sc/events.sc,event_brawlball_arena,LaserBall,Laserball_32,Footbrawl_ingame_muzak,???Mi??oGamer???
Ball33,,TID_JAN2021MAPS_6,,BBArena,sc3d/bgr_bb_arena_ground.scw,,sc3d/bgr_bb_arena.scw+sc3d/bgr_bb_arena_decos_default.scw,sc/events.sc,event_brawlball_arena,LaserBall,Laserball_33,Footbrawl_ingame_muzak,No i Wont
Ball34,,TID_JAN2021MAPS_31,,Grassfield,sc3d/bgr_grassfield_ground.scw,,sc3d/bgr_grassfield.scw,sc/events.sc,event_brawlball,LaserBall,Laserball_34,BattleMusic,Mordeus
Ball35,,TID_JAN2021MAPS_7,,BBArena,sc3d/bgr_bb_arena_ground.scw,,sc3d/bgr_bb_arena.scw+sc3d/bgr_bb_arena_decos_default.scw,sc/events.sc,event_brawlball_arena,LaserBall,Laserball_35,Footbrawl_ingame_muzak,Frep
Ball36,,TID_JAN2021MAPS_8,,BBArena,sc3d/bgr_bb_arena_ground.scw,,sc3d/bgr_bb_arena.scw+sc3d/bgr_bb_arena_decos_default.scw,sc/events.sc,event_brawlball_arena,LaserBall,Laserball_36,Footbrawl_ingame_muzak,Ellisimo
Gemgrab36,,TID_JAN2021MAPS_4,,Arcade,sc3d/bgr_arcade_ground.scw,,sc3d/bgr_arcade.scw,sc/events.sc,event_arcade,CoinRush,Gemgrab_36,Brawlcade_Ingame,TR | Miqu3
Gemgrab37,,TID_JAN2021MAPS_3,,StarrForce,sc3d/bgr_starr_force_ground.scw,,sc3d/bgr_starr_force.scw,sc/events.sc,event_starr_force,CoinRush,Gemgrab_37,Space_Brawl_Ingame,BK|PoneySwagg
Gemgrab38,,TID_JAN2021MAPS_17,,StarrForce,sc3d/bgr_starr_force_ground.scw,,sc3d/bgr_starr_force.scw,sc/events.sc,event_starr_force,CoinRush,Gemgrab_38,Space_Brawl_Ingame,RealCanadian
Heist21,,TID_JAN2021MAPS_19,,Snowtel,sc3d/bgr_snowtel_ground.scw,,sc3d/bgr_snowtel.scw,sc/events.sc,event_snowtel,AttackDefend,Bankheist_21,Snowtel_Ingame,AJ ( ?? ????)
Heist22,,TID_JAN2021MAPS_20,,Snowtel,sc3d/bgr_snowtel_ground.scw,,sc3d/bgr_snowtel.scw,sc/events.sc,event_snowtel,AttackDefend,Bankheist_22,Snowtel_Ingame,BiohazarD
KingOfHill21,,TID_JAN2021MAPS_15,,Arcade,sc3d/bgr_arcade_ground.scw,,sc3d/bgr_arcade.scw,sc/events.sc,event_arcade,KingOfHill,KingOfHill_21,Brawlcade_Ingame,TooManyPelican
KingOfHill22,,TID_JAN2021MAPS_9,,StarrForce,sc3d/bgr_starr_force_ground.scw,,sc3d/bgr_starr_force.scw,sc/events.sc,event_starr_force,KingOfHill,KingOfHill_22,Space_Brawl_Ingame,TCGLLight
KingOfHill23,,TID_JAN2021MAPS_10,,StarrForce,sc3d/bgr_starr_force_ground.scw,,sc3d/bgr_starr_force.scw,sc/events.sc,event_starr_force,KingOfHill,KingOfHill_23,Space_Brawl_Ingame,LynxRo
KingOfHill24,,TID_JAN2021MAPS_32,,StarrForce,sc3d/bgr_starr_force_ground.scw,,sc3d/bgr_starr_force.scw,sc/events.sc,event_starr_force,KingOfHill,KingOfHill_24,Space_Brawl_Ingame,captaincto
Survival55,,TID_JAN2021MAPS_33,,MortuaryShowdown,sc3d/bgr_mortuary_showdown_ground.scw,,sc3d/bgr_mortuary_showdown.scw,sc/events.sc,event_mortuary_showdown,BattleRoyale,Survival_55,Halloween_ingame,AmirKaka
SurvivalTeam55,,TID_JAN2021MAPS_33,,MortuaryShowdown,sc3d/bgr_mortuary_showdown_ground.scw,,sc3d/bgr_mortuary_showdown.scw,sc/events.sc,event_mortuary_showdown,BattleRoyaleTeam,Survival_55,Halloween_ingame,AmirKaka